,calendar_year,city,state,amount_awarded,case_outcome,summary_allegations,Claim_or_lawsuit,Amount_demanded
0,2010.0,Philadelphia,PA,3871.0,,,,
1,2010.0,Philadelphia,PA,45000.0,,,,
2,2010.0,Philadelphia,PA,25000.0,,,,
3,2010.0,Philadelphia,PA,750.0,,,,
4,2010.0,Philadelphia,PA,12500.0,,,,
5,2010.0,Philadelphia,PA,30000.0,,,,
6,2010.0,Philadelphia,PA,1500.0,,,,
7,2010.0,Philadelphia,PA,275000.0,,,,
8,2010.0,Philadelphia,PA,20000.0,,,,
9,2010.0,Philadelphia,PA,25000.0,,,,
10,2010.0,Philadelphia,PA,17500.0,,,,
11,2010.0,Philadelphia,PA,40000.0,,,,
12,2010.0,Philadelphia,PA,7500.0,,,,
13,2010.0,Philadelphia,PA,1125.0,,,,
14,2010.0,Philadelphia,PA,16500.0,,,,
15,2010.0,Philadelphia,PA,35000.0,,,,
16,2010.0,Philadelphia,PA,17700.0,,,,
17,2010.0,Philadelphia,PA,102000.0,,,,
18,2010.0,Philadelphia,PA,35000.0,,,,
19,2010.0,Philadelphia,PA,20000.0,,,,
20,2010.0,Philadelphia,PA,10000.0,,,,
21,2010.0,Philadelphia,PA,2000.0,,,,
22,2010.0,Philadelphia,PA,33500.0,,,,
23,2010.0,Philadelphia,PA,65000.0,,,,
24,2010.0,Philadelphia,PA,25000.0,,,,
25,2010.0,Philadelphia,PA,7500.0,,,,
26,2010.0,Philadelphia,PA,32500.0,,,,
27,2010.0,Philadelphia,PA,1100000.0,,,,
28,2010.0,Philadelphia,PA,50000.0,,,,
29,2010.0,Philadelphia,PA,40000.0,,,,
30,2010.0,Philadelphia,PA,4000.0,,,,
31,2010.0,Philadelphia,PA,12000.0,,,,
32,2010.0,Philadelphia,PA,12500.0,,,,
33,2010.0,Philadelphia,PA,575000.0,,,,
34,2010.0,Philadelphia,PA,75000.0,,,,
35,2010.0,Philadelphia,PA,62500.0,,,,
36,2010.0,Philadelphia,PA,7500.0,,,,
37,2010.0,Philadelphia,PA,7500.0,,,,
38,2010.0,Philadelphia,PA,287500.0,,,,
39,2010.0,Philadelphia,PA,35000.0,,,,
40,2010.0,Philadelphia,PA,15000.0,,,,
41,2010.0,Philadelphia,PA,75000.0,,,,
42,2010.0,Philadelphia,PA,25000.0,,,,
43,2010.0,Philadelphia,PA,11000.0,,,,
44,2010.0,Philadelphia,PA,20000.0,,,,
45,2010.0,Philadelphia,PA,62000.0,,,,
46,2010.0,Philadelphia,PA,90000.0,,,,
47,2010.0,Philadelphia,PA,18000.0,,,,
48,2010.0,Philadelphia,PA,70000.0,,,,
49,2010.0,Philadelphia,PA,30000.0,,,,
50,2010.0,Philadelphia,PA,23000.0,,,,
51,2010.0,Philadelphia,PA,3000.0,,,,
52,2010.0,Philadelphia,PA,45000.0,,,,
53,2010.0,Philadelphia,PA,12500.0,,,,
54,2010.0,Philadelphia,PA,9000.0,,,,
55,2010.0,Philadelphia,PA,65000.0,,,,
56,2010.0,Philadelphia,PA,65000.0,,,,
57,2010.0,Philadelphia,PA,58000.0,,,,
58,2010.0,Philadelphia,PA,190000.0,,,,
59,2010.0,Philadelphia,PA,1000.0,,,,
60,2010.0,Philadelphia,PA,50000.0,,,,
61,2010.0,Philadelphia,PA,75000.0,,,,
62,2010.0,Philadelphia,PA,75000.0,,,,
63,2010.0,Philadelphia,PA,65000.0,,,,
64,2010.0,Philadelphia,PA,5000.0,,,,
65,2010.0,Philadelphia,PA,75000.0,,,,
66,2010.0,Philadelphia,PA,30000.0,,,,
67,2010.0,Philadelphia,PA,50000.0,,,,
68,2010.0,Philadelphia,PA,27000.0,,,,
69,2010.0,Philadelphia,PA,300000.0,,,,
70,2010.0,Philadelphia,PA,30000.0,,,,
71,2010.0,Philadelphia,PA,40000.0,,,,
72,2010.0,Philadelphia,PA,4130.0,,,,
73,2010.0,Philadelphia,PA,35000.0,,,,
74,2010.0,Philadelphia,PA,45000.0,,,,
75,2010.0,Philadelphia,PA,37500.0,,,,
76,2010.0,Philadelphia,PA,20000.0,,,,
77,2010.0,Philadelphia,PA,320000.0,,,,
78,2010.0,Philadelphia,PA,125000.0,,,,
79,2010.0,Philadelphia,PA,200000.0,,,,
80,2010.0,Philadelphia,PA,150000.0,,,,
81,2010.0,Philadelphia,PA,5000.0,,,,
82,2010.0,Philadelphia,PA,25000.0,,,,
83,2010.0,Philadelphia,PA,15000.0,,,,
84,2010.0,Philadelphia,PA,25000.0,,,,
85,2010.0,Philadelphia,PA,35000.0,,,,
86,2010.0,Philadelphia,PA,10000.0,,,,
87,2010.0,Philadelphia,PA,35000.0,,,,
88,2010.0,Philadelphia,PA,17500.0,,,,
89,2010.0,Philadelphia,PA,10000.0,,,,
90,2010.0,Philadelphia,PA,8500.0,,,,
91,2010.0,Philadelphia,PA,15000.0,,,,
92,2010.0,Philadelphia,PA,3000.0,,,,
93,2010.0,Philadelphia,PA,500000.0,,,,
94,2010.0,Philadelphia,PA,10000.0,,,,
95,2010.0,Philadelphia,PA,7000.0,,,,
96,2010.0,Philadelphia,PA,15000.0,,,,
97,2010.0,Philadelphia,PA,15000.0,,,,
98,2010.0,Philadelphia,PA,30000.0,,,,
99,2010.0,Philadelphia,PA,20000.0,,,,
100,2010.0,Philadelphia,PA,30000.0,,,,
101,2010.0,Philadelphia,PA,20000.0,,,,
102,2010.0,Philadelphia,PA,10000.0,,,,
103,2010.0,Philadelphia,PA,75000.0,,,,
104,2010.0,Philadelphia,PA,19500.0,,,,
105,2010.0,Philadelphia,PA,3000.0,,,,
106,2010.0,Philadelphia,PA,5000.0,,,,
107,2010.0,Philadelphia,PA,30000.0,,,,
108,2010.0,Philadelphia,PA,30000.0,,,,
109,2010.0,Philadelphia,PA,25000.0,,,,
110,2010.0,Philadelphia,PA,250000.0,,,,
111,2010.0,Philadelphia,PA,85000.0,,,,
112,2010.0,Philadelphia,PA,100000.0,,,,
113,2010.0,Philadelphia,PA,300000.0,,,,
114,2010.0,Philadelphia,PA,15000.0,,,,
115,2010.0,Philadelphia,PA,15000.0,,,,
116,2010.0,Philadelphia,PA,10000.0,,,,
117,2010.0,Philadelphia,PA,22500.0,,,,
118,2010.0,Philadelphia,PA,44000.0,,,,
119,2010.0,Philadelphia,PA,90000.0,,,,
120,2010.0,Philadelphia,PA,10000.0,,,,
121,2010.0,Philadelphia,PA,5000.0,,,,
122,2010.0,Philadelphia,PA,7500.0,,,,
123,2010.0,Philadelphia,PA,16000.0,,,,
124,2010.0,Philadelphia,PA,5000.0,,,,
125,2011.0,Philadelphia,PA,15000.0,,,,
126,2011.0,Philadelphia,PA,55000.0,,,,
127,2011.0,Philadelphia,PA,9000.0,,,,
128,2011.0,Philadelphia,PA,7500.0,,,,
129,2011.0,Philadelphia,PA,42000.0,,,,
130,2011.0,Philadelphia,PA,9000.0,,,,
131,2011.0,Philadelphia,PA,22500.0,,,,
132,2011.0,Philadelphia,PA,55000.0,,,,
133,2011.0,Philadelphia,PA,500000.0,,,,
134,2011.0,Philadelphia,PA,59000.0,,,,
135,2011.0,Philadelphia,PA,27500.0,,,,
136,2011.0,Philadelphia,PA,330550.26,,,,
137,2011.0,Philadelphia,PA,10078.0,,,,
138,2011.0,Philadelphia,PA,6000.0,,,,
139,2011.0,Philadelphia,PA,38250.0,,,,
140,2011.0,Philadelphia,PA,4500.0,,,,
141,2011.0,Philadelphia,PA,4100.0,,,,
142,2011.0,Philadelphia,PA,9500.0,,,,
143,2011.0,Philadelphia,PA,10000.0,,,,
144,2011.0,Philadelphia,PA,100000.0,,,,
145,2011.0,Philadelphia,PA,100000.0,,,,
146,2011.0,Philadelphia,PA,15000.0,,,,
147,2011.0,Philadelphia,PA,7500.0,,,,
148,2011.0,Philadelphia,PA,95000.0,,,,
149,2011.0,Philadelphia,PA,14000.0,,,,
150,2011.0,Philadelphia,PA,9000.0,,,,
151,2011.0,Philadelphia,PA,60000.0,,,,
152,2011.0,Philadelphia,PA,10000.0,,,,
153,2011.0,Philadelphia,PA,1000.0,,,,
154,2011.0,Philadelphia,PA,110000.0,,,,
155,2011.0,Philadelphia,PA,285000.0,,,,
156,2011.0,Philadelphia,PA,2500.0,,,,
157,2011.0,Philadelphia,PA,99999.99,,,,
158,2011.0,Philadelphia,PA,99000.0,,,,
159,2011.0,Philadelphia,PA,85000.0,,,,
160,2011.0,Philadelphia,PA,9000.0,,,,
161,2011.0,Philadelphia,PA,225000.0,,,,
162,2011.0,Philadelphia,PA,7500.0,,,,
163,2011.0,Philadelphia,PA,70000.0,,,,
164,2011.0,Philadelphia,PA,135000.0,,,,
165,2011.0,Philadelphia,PA,12500.0,,,,
166,2011.0,Philadelphia,PA,15000.0,,,,
167,2011.0,Philadelphia,PA,1200000.0,,,,
168,2011.0,Philadelphia,PA,17500.0,,,,
169,2011.0,Philadelphia,PA,2500.0,,,,
170,2011.0,Philadelphia,PA,15000.0,,,,
171,2011.0,Philadelphia,PA,460000.0,,,,
172,2011.0,Philadelphia,PA,25000.0,,,,
173,2011.0,Philadelphia,PA,45000.0,,,,
174,2011.0,Philadelphia,PA,15000.0,,,,
175,2011.0,Philadelphia,PA,22500.0,,,,
176,2011.0,Philadelphia,PA,607319.5,,,,
177,2011.0,Philadelphia,PA,3000.0,,,,
178,2011.0,Philadelphia,PA,20000.0,,,,
179,2011.0,Philadelphia,PA,75000.0,,,,
180,2011.0,Philadelphia,PA,40000.0,,,,
181,2011.0,Philadelphia,PA,1729.93,,,,
182,2011.0,Philadelphia,PA,14500.0,,,,
183,2011.0,Philadelphia,PA,32500.0,,,,
184,2011.0,Philadelphia,PA,9000.0,,,,
185,2011.0,Philadelphia,PA,13000.0,,,,
186,2011.0,Philadelphia,PA,3000.0,,,,
187,2011.0,Philadelphia,PA,12500.0,,,,
188,2011.0,Philadelphia,PA,15000.0,,,,
189,2011.0,Philadelphia,PA,12000.0,,,,
190,2011.0,Philadelphia,PA,20000.0,,,,
191,2011.0,Philadelphia,PA,1000.0,,,,
192,2011.0,Philadelphia,PA,37500.0,,,,
193,2011.0,Philadelphia,PA,4000.0,,,,
194,2011.0,Philadelphia,PA,55000.0,,,,
195,2011.0,Philadelphia,PA,18500.0,,,,
196,2011.0,Philadelphia,PA,7500.0,,,,
197,2011.0,Philadelphia,PA,130000.0,,,,
198,2011.0,Philadelphia,PA,2000.0,,,,
199,2011.0,Philadelphia,PA,72500.0,,,,
200,2011.0,Philadelphia,PA,32500.0,,,,
201,2011.0,Philadelphia,PA,27000.0,,,,
202,2011.0,Philadelphia,PA,45000.0,,,,
203,2011.0,Philadelphia,PA,9500.0,,,,
204,2011.0,Philadelphia,PA,12000.0,,,,
205,2011.0,Philadelphia,PA,6000.0,,,,
206,2011.0,Philadelphia,PA,37500.0,,,,
207,2011.0,Philadelphia,PA,10000.0,,,,
208,2011.0,Philadelphia,PA,40000.0,,,,
209,2011.0,Philadelphia,PA,25000.0,,,,
210,2011.0,Philadelphia,PA,7500.0,,,,
211,2011.0,Philadelphia,PA,97500.0,,,,
212,2011.0,Philadelphia,PA,100000.0,,,,
213,2011.0,Philadelphia,PA,7000.0,,,,
214,2011.0,Philadelphia,PA,7500.0,,,,
215,2011.0,Philadelphia,PA,62500.0,,,,
216,2011.0,Philadelphia,PA,25000.0,,,,
217,2011.0,Philadelphia,PA,25000.0,,,,
218,2011.0,Philadelphia,PA,175000.0,,,,
219,2011.0,Philadelphia,PA,26500.0,,,,
220,2011.0,Philadelphia,PA,10000.0,,,,
221,2011.0,Philadelphia,PA,2500.0,,,,
222,2011.0,Philadelphia,PA,5000.0,,,,
223,2011.0,Philadelphia,PA,760000.0,,,,
224,2011.0,Philadelphia,PA,15000.0,,,,
225,2011.0,Philadelphia,PA,20000.0,,,,
226,2011.0,Philadelphia,PA,26000.0,,,,
227,2011.0,Philadelphia,PA,10000.0,,,,
228,2011.0,Philadelphia,PA,125000.0,,,,
229,2011.0,Philadelphia,PA,800000.0,,,,
230,2011.0,Philadelphia,PA,20000.0,,,,
231,2011.0,Philadelphia,PA,25000.0,,,,
232,2011.0,Philadelphia,PA,275000.0,,,,
233,2011.0,Philadelphia,PA,8000.0,,,,
234,2011.0,Philadelphia,PA,225000.0,,,,
235,2011.0,Philadelphia,PA,10000.0,,,,
236,2011.0,Philadelphia,PA,30000.0,,,,
237,2011.0,Philadelphia,PA,20000.0,,,,
238,2011.0,Philadelphia,PA,62000.0,,,,
239,2011.0,Philadelphia,PA,40000.0,,,,
240,2011.0,Philadelphia,PA,25000.0,,,,
241,2011.0,Philadelphia,PA,29500.0,,,,
242,2011.0,Philadelphia,PA,25000.0,,,,
243,2012.0,Philadelphia,PA,39000.0,,,,
244,2012.0,Philadelphia,PA,62500.0,,,,
245,2012.0,Philadelphia,PA,75000.0,,,,
246,2012.0,Philadelphia,PA,18000.0,,,,
247,2012.0,Philadelphia,PA,67500.0,,,,
248,2012.0,Philadelphia,PA,61312.6,,,,
249,2012.0,Philadelphia,PA,12500.0,,,,
250,2012.0,Philadelphia,PA,8500.0,,,,
251,2012.0,Philadelphia,PA,125000.0,,,,
252,2012.0,Philadelphia,PA,55000.0,,,,
253,2012.0,Philadelphia,PA,30000.0,,,,
254,2012.0,Philadelphia,PA,57000.0,,,,
255,2012.0,Philadelphia,PA,20000.0,,,,
256,2012.0,Philadelphia,PA,10000.0,,,,
257,2012.0,Philadelphia,PA,70000.0,,,,
258,2012.0,Philadelphia,PA,50000.0,,,,
259,2012.0,Philadelphia,PA,45000.0,,,,
260,2012.0,Philadelphia,PA,34000.0,,,,
261,2012.0,Philadelphia,PA,80000.0,,,,
262,2012.0,Philadelphia,PA,81000.0,,,,
263,2012.0,Philadelphia,PA,81000.0,,,,
264,2012.0,Philadelphia,PA,34000.0,,,,
265,2012.0,Philadelphia,PA,33000.0,,,,
266,2012.0,Philadelphia,PA,92000.0,,,,
267,2012.0,Philadelphia,PA,65000.0,,,,
268,2012.0,Philadelphia,PA,2250.0,,,,
269,2012.0,Philadelphia,PA,12500.0,,,,
270,2012.0,Philadelphia,PA,95000.0,,,,
271,2012.0,Philadelphia,PA,25000.0,,,,
272,2012.0,Philadelphia,PA,12500.0,,,,
273,2012.0,Philadelphia,PA,15000.0,,,,
274,2012.0,Philadelphia,PA,25000.0,,,,
275,2012.0,Philadelphia,PA,50000.0,,,,
276,2012.0,Philadelphia,PA,105000.0,,,,
277,2012.0,Philadelphia,PA,30000.0,,,,
278,2012.0,Philadelphia,PA,25000.0,,,,
279,2012.0,Philadelphia,PA,45000.0,,,,
280,2012.0,Philadelphia,PA,40000.0,,,,
281,2012.0,Philadelphia,PA,60000.0,,,,
282,2012.0,Philadelphia,PA,30000.0,,,,
283,2012.0,Philadelphia,PA,50000.0,,,,
284,2012.0,Philadelphia,PA,42000.0,,,,
285,2012.0,Philadelphia,PA,7500.0,,,,
286,2012.0,Philadelphia,PA,29500.0,,,,
287,2012.0,Philadelphia,PA,10000.0,,,,
288,2012.0,Philadelphia,PA,35000.0,,,,
289,2012.0,Philadelphia,PA,75000.0,,,,
290,2012.0,Philadelphia,PA,27500.0,,,,
291,2012.0,Philadelphia,PA,29000.0,,,,
292,2012.0,Philadelphia,PA,5000.0,,,,
293,2012.0,Philadelphia,PA,18000.0,,,,
294,2012.0,Philadelphia,PA,52500.0,,,,
295,2012.0,Philadelphia,PA,3500.0,,,,
296,2012.0,Philadelphia,PA,25000.0,,,,
297,2012.0,Philadelphia,PA,450000.0,,,,
298,2012.0,Philadelphia,PA,50000.0,,,,
299,2012.0,Philadelphia,PA,400000.0,,,,
300,2012.0,Philadelphia,PA,25000.0,,,,
301,2012.0,Philadelphia,PA,18500.0,,,,
302,2012.0,Philadelphia,PA,32000.0,,,,
303,2012.0,Philadelphia,PA,32000.0,,,,
304,2012.0,Philadelphia,PA,1500.0,,,,
305,2012.0,Philadelphia,PA,11000.0,,,,
306,2012.0,Philadelphia,PA,95000.0,,,,
307,2012.0,Philadelphia,PA,2500.0,,,,
308,2012.0,Philadelphia,PA,16895.55,,,,
309,2012.0,Philadelphia,PA,40000.0,,,,
310,2012.0,Philadelphia,PA,7500.0,,,,
311,2012.0,Philadelphia,PA,96000.0,,,,
312,2012.0,Philadelphia,PA,100.0,,,,
313,2012.0,Philadelphia,PA,65000.0,,,,
314,2012.0,Philadelphia,PA,12500.0,,,,
315,2012.0,Philadelphia,PA,37500.0,,,,
316,2012.0,Philadelphia,PA,150000.0,,,,
317,2012.0,Philadelphia,PA,55000.0,,,,
318,2012.0,Philadelphia,PA,7500.0,,,,
319,2012.0,Philadelphia,PA,27500.0,,,,
320,2012.0,Philadelphia,PA,10000.0,,,,
321,2012.0,Philadelphia,PA,92000.0,,,,
322,2012.0,Philadelphia,PA,95000.0,,,,
323,2012.0,Philadelphia,PA,15000.0,,,,
324,2012.0,Philadelphia,PA,10000.0,,,,
325,2012.0,Philadelphia,PA,25000.0,,,,
326,2012.0,Philadelphia,PA,25000.0,,,,
327,2012.0,Philadelphia,PA,27500.0,,,,
328,2012.0,Philadelphia,PA,35000.0,,,,
329,2012.0,Philadelphia,PA,20000.0,,,,
330,2012.0,Philadelphia,PA,12500.0,,,,
331,2012.0,Philadelphia,PA,75000.0,,,,
332,2012.0,Philadelphia,PA,4000.0,,,,
333,2012.0,Philadelphia,PA,85000.0,,,,
334,2012.0,Philadelphia,PA,77500.0,,,,
335,2012.0,Philadelphia,PA,7500.0,,,,
336,2012.0,Philadelphia,PA,45000.0,,,,
337,2012.0,Philadelphia,PA,20000.0,,,,
338,2012.0,Philadelphia,PA,35000.0,,,,
339,2012.0,Philadelphia,PA,670.14,,,,
340,2012.0,Philadelphia,PA,20000.0,,,,
341,2012.0,Philadelphia,PA,6500.0,,,,
342,2012.0,Philadelphia,PA,50000.0,,,,
343,2012.0,Philadelphia,PA,16000.0,,,,
344,2012.0,Philadelphia,PA,240000.0,,,,
345,2012.0,Philadelphia,PA,72500.0,,,,
346,2012.0,Philadelphia,PA,43750.0,,,,
347,2012.0,Philadelphia,PA,22500.0,,,,
348,2012.0,Philadelphia,PA,2500.0,,,,
349,2012.0,Philadelphia,PA,45000.0,,,,
350,2012.0,Philadelphia,PA,3000.0,,,,
351,2012.0,Philadelphia,PA,52500.0,,,,
352,2012.0,Philadelphia,PA,6253.0,,,,
353,2012.0,Philadelphia,PA,55000.0,,,,
354,2012.0,Philadelphia,PA,2500.0,,,,
355,2012.0,Philadelphia,PA,8000.0,,,,
356,2012.0,Philadelphia,PA,65000.0,,,,
357,2012.0,Philadelphia,PA,1500.0,,,,
358,2012.0,Philadelphia,PA,1560.0,,,,
359,2012.0,Philadelphia,PA,75000.0,,,,
360,2012.0,Philadelphia,PA,1500.0,,,,
361,2012.0,Philadelphia,PA,24000.0,,,,
362,2012.0,Philadelphia,PA,5000.0,,,,
363,2012.0,Philadelphia,PA,12500.0,,,,
364,2012.0,Philadelphia,PA,99000.0,,,,
365,2012.0,Philadelphia,PA,10000.0,,,,
366,2012.0,Philadelphia,PA,15000.0,,,,
367,2012.0,Philadelphia,PA,20000.0,,,,
368,2012.0,Philadelphia,PA,70000.0,,,,
369,2012.0,Philadelphia,PA,75000.0,,,,
370,2012.0,Philadelphia,PA,25000.0,,,,
371,2012.0,Philadelphia,PA,71000.0,,,,
372,2012.0,Philadelphia,PA,15000.0,,,,
373,2012.0,Philadelphia,PA,20000.0,,,,
374,2012.0,Philadelphia,PA,20000.0,,,,
375,2012.0,Philadelphia,PA,10000.0,,,,
376,2012.0,Philadelphia,PA,7850.0,,,,
377,2012.0,Philadelphia,PA,35000.0,,,,
378,2012.0,Philadelphia,PA,30000.0,,,,
379,2012.0,Philadelphia,PA,55000.0,,,,
380,2012.0,Philadelphia,PA,15000.0,,,,
381,2012.0,Philadelphia,PA,1500000.0,,,,
382,2012.0,Philadelphia,PA,10000.0,,,,
383,2012.0,Philadelphia,PA,15000.0,,,,
384,2012.0,Philadelphia,PA,9500.0,,,,
385,2012.0,Philadelphia,PA,10000.0,,,,
386,2012.0,Philadelphia,PA,7500.0,,,,
387,2012.0,Philadelphia,PA,7500.0,,,,
388,2012.0,Philadelphia,PA,25000.0,,,,
389,2012.0,Philadelphia,PA,46000.0,,,,
390,2012.0,Philadelphia,PA,65000.0,,,,
391,2012.0,Philadelphia,PA,15000.0,,,,
392,2012.0,Philadelphia,PA,392500.0,,,,
393,2012.0,Philadelphia,PA,85000.0,,,,
394,2012.0,Philadelphia,PA,15000.0,,,,
395,2012.0,Philadelphia,PA,50000.0,,,,
396,2013.0,Philadelphia,PA,100000.0,,,,
397,2013.0,Philadelphia,PA,42000.0,,,,
398,2013.0,Philadelphia,PA,65000.0,,,,
399,2013.0,Philadelphia,PA,20000.0,,,,
400,2013.0,Philadelphia,PA,9000.0,,,,
401,2013.0,Philadelphia,PA,9000.0,,,,
402,2013.0,Philadelphia,PA,1906.8,,,,
403,2013.0,Philadelphia,PA,98000.0,,,,
404,2013.0,Philadelphia,PA,15000.0,,,,
405,2013.0,Philadelphia,PA,5000.0,,,,
406,2013.0,Philadelphia,PA,50000.0,,,,
407,2013.0,Philadelphia,PA,95000.0,,,,
408,2013.0,Philadelphia,PA,6250.0,,,,
409,2013.0,Philadelphia,PA,65000.0,,,,
410,2013.0,Philadelphia,PA,30000.0,,,,
411,2013.0,Philadelphia,PA,12500.0,,,,
412,2013.0,Philadelphia,PA,72500.0,,,,
413,2013.0,Philadelphia,PA,22000.0,,,,
414,2013.0,Philadelphia,PA,12500.0,,,,
415,2013.0,Philadelphia,PA,15000.0,,,,
416,2013.0,Philadelphia,PA,46000.0,,,,
417,2013.0,Philadelphia,PA,30000.0,,,,
418,2013.0,Philadelphia,PA,2500000.0,,,,
419,2013.0,Philadelphia,PA,1500.0,,,,
420,2013.0,Philadelphia,PA,150000.0,,,,
421,2013.0,Philadelphia,PA,10000.0,,,,
422,2013.0,Philadelphia,PA,5000.0,,,,
423,2013.0,Philadelphia,PA,6000.0,,,,
424,2013.0,Philadelphia,PA,95000.0,,,,
425,2013.0,Philadelphia,PA,22500.0,,,,
426,2013.0,Philadelphia,PA,1970.0,,,,
427,2013.0,Philadelphia,PA,56300.0,,,,
428,2013.0,Philadelphia,PA,5089.0,,,,
429,2013.0,Philadelphia,PA,10000.0,,,,
430,2013.0,Philadelphia,PA,15000.0,,,,
431,2013.0,Philadelphia,PA,75000.0,,,,
432,2013.0,Philadelphia,PA,25000.0,,,,
433,2013.0,Philadelphia,PA,15000.0,,,,
434,2013.0,Philadelphia,PA,2500.0,,,,
435,2013.0,Philadelphia,PA,375.0,,,,
436,2013.0,Philadelphia,PA,53750.0,,,,
437,2013.0,Philadelphia,PA,1801.0,,,,
438,2013.0,Philadelphia,PA,40000.0,,,,
439,2013.0,Philadelphia,PA,850000.0,,,,
440,2013.0,Philadelphia,PA,17500.0,,,,
441,2013.0,Philadelphia,PA,3500.0,,,,
442,2013.0,Philadelphia,PA,15000.0,,,,
443,2013.0,Philadelphia,PA,20000.0,,,,
444,2013.0,Philadelphia,PA,37500.0,,,,
445,2013.0,Philadelphia,PA,13500.0,,,,
446,2013.0,Philadelphia,PA,63000.0,,,,
447,2013.0,Philadelphia,PA,50000.0,,,,
448,2013.0,Philadelphia,PA,30000.0,,,,
449,2013.0,Philadelphia,PA,160000.0,,,,
450,2013.0,Philadelphia,PA,50000.0,,,,
451,2013.0,Philadelphia,PA,187500.0,,,,
452,2013.0,Philadelphia,PA,85000.0,,,,
453,2013.0,Philadelphia,PA,20000.0,,,,
454,2013.0,Philadelphia,PA,21500.0,,,,
455,2013.0,Philadelphia,PA,375000.0,,,,
456,2013.0,Philadelphia,PA,27500.0,,,,
457,2013.0,Philadelphia,PA,20000.0,,,,
458,2013.0,Philadelphia,PA,75000.0,,,,
459,2013.0,Philadelphia,PA,2000000.0,,,,
460,2013.0,Philadelphia,PA,18500.0,,,,
461,2013.0,Philadelphia,PA,30000.0,,,,
462,2013.0,Philadelphia,PA,17250.0,,,,
463,2013.0,Philadelphia,PA,17500.0,,,,
464,2013.0,Philadelphia,PA,10000.0,,,,
465,2013.0,Philadelphia,PA,85000.0,,,,
466,2013.0,Philadelphia,PA,25000.0,,,,
467,2013.0,Philadelphia,PA,5000.0,,,,
468,2013.0,Philadelphia,PA,2500.0,,,,
469,2013.0,Philadelphia,PA,750.0,,,,
470,2013.0,Philadelphia,PA,3350.0,,,,
471,2013.0,Philadelphia,PA,3500.0,,,,
472,2013.0,Philadelphia,PA,7500.0,,,,
473,2013.0,Philadelphia,PA,50000.0,,,,
474,2013.0,Philadelphia,PA,850000.0,,,,
475,2013.0,Philadelphia,PA,12500.0,,,,
476,2013.0,Philadelphia,PA,40000.0,,,,
477,2013.0,Philadelphia,PA,25000.0,,,,
478,2013.0,Philadelphia,PA,30000.0,,,,
479,2013.0,Philadelphia,PA,15000.0,,,,
480,2013.0,Philadelphia,PA,1900.0,,,,
481,2013.0,Philadelphia,PA,3500.0,,,,
482,2013.0,Philadelphia,PA,50000.0,,,,
483,2013.0,Philadelphia,PA,25000.0,,,,
484,2013.0,Philadelphia,PA,5000.0,,,,
485,2013.0,Philadelphia,PA,87500.0,,,,
486,2013.0,Philadelphia,PA,1250000.0,,,,
487,2013.0,Philadelphia,PA,75000.0,,,,
488,2013.0,Philadelphia,PA,7500.0,,,,
489,2013.0,Philadelphia,PA,30000.0,,,,
490,2013.0,Philadelphia,PA,10000.0,,,,
491,2013.0,Philadelphia,PA,50000.0,,,,
492,2013.0,Philadelphia,PA,90000.0,,,,
493,2013.0,Philadelphia,PA,10000.0,,,,
494,2013.0,Philadelphia,PA,12500.0,,,,
495,2013.0,Philadelphia,PA,75000.0,,,,
496,2013.0,Philadelphia,PA,45000.0,,,,
497,2013.0,Philadelphia,PA,6500.0,,,,
498,2013.0,Philadelphia,PA,8500.0,,,,
499,2013.0,Philadelphia,PA,5000.0,,,,
500,2013.0,Philadelphia,PA,20622.42,,,,
501,2013.0,Philadelphia,PA,25000.0,,,,
502,2013.0,Philadelphia,PA,160000.0,,,,
503,2013.0,Philadelphia,PA,35000.0,,,,
504,2013.0,Philadelphia,PA,7500.0,,,,
505,2013.0,Philadelphia,PA,35000.0,,,,
506,2013.0,Philadelphia,PA,10000.0,,,,
507,2013.0,Philadelphia,PA,4000.0,,,,
508,2013.0,Philadelphia,PA,140000.0,,,,
509,2013.0,Philadelphia,PA,650000.0,,,,
510,2013.0,Philadelphia,PA,45000.0,,,,
511,2013.0,Philadelphia,PA,37000.0,,,,
512,2013.0,Philadelphia,PA,60000.0,,,,
513,2013.0,Philadelphia,PA,10000.0,,,,
514,2013.0,Philadelphia,PA,9500.0,,,,
515,2013.0,Philadelphia,PA,90000.0,,,,
516,2013.0,Philadelphia,PA,22500.0,,,,
517,2013.0,Philadelphia,PA,10000.0,,,,
518,2013.0,Philadelphia,PA,15000.0,,,,
519,2013.0,Philadelphia,PA,1000000.0,,,,
520,2013.0,Philadelphia,PA,47500.0,,,,
521,2013.0,Philadelphia,PA,7500.0,,,,
522,2013.0,Philadelphia,PA,12500.0,,,,
523,2013.0,Philadelphia,PA,52500.0,,,,
524,2014.0,Philadelphia,PA,47500.0,,,,
525,2014.0,Philadelphia,PA,10000.0,,,,
526,2014.0,Philadelphia,PA,125000.0,,,,
527,2014.0,Philadelphia,PA,41378.42,,,,
528,2014.0,Philadelphia,PA,5000.0,,,,
529,2014.0,Philadelphia,PA,15000.0,,,,
530,2014.0,Philadelphia,PA,60000.0,,,,
531,2014.0,Philadelphia,PA,17500.0,,,,
532,2014.0,Philadelphia,PA,465000.0,,,,
533,2014.0,Philadelphia,PA,17500.0,,,,
534,2014.0,Philadelphia,PA,46000.0,,,,
535,2014.0,Philadelphia,PA,49500.0,,,,
536,2014.0,Philadelphia,PA,18000.0,,,,
537,2014.0,Philadelphia,PA,180000.0,,,,
538,2014.0,Philadelphia,PA,225000.0,,,,
539,2014.0,Philadelphia,PA,50000.0,,,,
540,2014.0,Philadelphia,PA,13000.0,,,,
541,2014.0,Philadelphia,PA,25000.0,,,,
542,2014.0,Philadelphia,PA,40000.0,,,,
543,2014.0,Philadelphia,PA,95000.0,,,,
544,2014.0,Philadelphia,PA,13750.0,,,,
545,2014.0,Philadelphia,PA,12000.0,,,,
546,2014.0,Philadelphia,PA,60000.0,,,,
547,2014.0,Philadelphia,PA,20000.0,,,,
548,2014.0,Philadelphia,PA,17500.0,,,,
549,2014.0,Philadelphia,PA,16000.0,,,,
550,2014.0,Philadelphia,PA,25000.0,,,,
551,2014.0,Philadelphia,PA,10000.0,,,,
552,2014.0,Philadelphia,PA,300000.0,,,,
553,2014.0,Philadelphia,PA,60000.0,,,,
554,2014.0,Philadelphia,PA,10000.0,,,,
555,2014.0,Philadelphia,PA,30000.0,,,,
556,2014.0,Philadelphia,PA,25000.0,,,,
557,2014.0,Philadelphia,PA,125000.0,,,,
558,2014.0,Philadelphia,PA,90000.0,,,,
559,2014.0,Philadelphia,PA,750.0,,,,
560,2014.0,Philadelphia,PA,52500.0,,,,
561,2014.0,Philadelphia,PA,40000.0,,,,
562,2014.0,Philadelphia,PA,30000.0,,,,
563,2014.0,Philadelphia,PA,110000.0,,,,
564,2014.0,Philadelphia,PA,185000.0,,,,
565,2014.0,Philadelphia,PA,55000.0,,,,
566,2014.0,Philadelphia,PA,9171.42,,,,
567,2014.0,Philadelphia,PA,7500.0,,,,
568,2014.0,Philadelphia,PA,12500.0,,,,
569,2014.0,Philadelphia,PA,72500.0,,,,
570,2014.0,Philadelphia,PA,38500.0,,,,
571,2014.0,Philadelphia,PA,35000.0,,,,
572,2014.0,Philadelphia,PA,10000.0,,,,
573,2014.0,Philadelphia,PA,20000.0,,,,
574,2014.0,Philadelphia,PA,26000.0,,,,
575,2014.0,Philadelphia,PA,6000.0,,,,
576,2014.0,Philadelphia,PA,25000.0,,,,
577,2014.0,Philadelphia,PA,2500000.0,,,,
578,2014.0,Philadelphia,PA,15000.0,,,,
579,2014.0,Philadelphia,PA,15000.0,,,,
580,2014.0,Philadelphia,PA,55000.0,,,,
581,2014.0,Philadelphia,PA,17000.0,,,,
582,2014.0,Philadelphia,PA,30000.0,,,,
583,2014.0,Philadelphia,PA,1000000.0,,,,
584,2014.0,Philadelphia,PA,15000.0,,,,
585,2014.0,Philadelphia,PA,600000.0,,,,
586,2014.0,Philadelphia,PA,85000.0,,,,
587,2014.0,Philadelphia,PA,5000.0,,,,
588,2014.0,Philadelphia,PA,21000.0,,,,
589,2014.0,Philadelphia,PA,50000.0,,,,
590,2014.0,Philadelphia,PA,35000.0,,,,
591,2014.0,Philadelphia,PA,200000.0,,,,
592,2014.0,Philadelphia,PA,30000.0,,,,
593,2014.0,Philadelphia,PA,45000.0,,,,
594,2014.0,Philadelphia,PA,25000.0,,,,
595,2014.0,Philadelphia,PA,2500.0,,,,
596,2014.0,Philadelphia,PA,12500.0,,,,
597,2014.0,Philadelphia,PA,3600.0,,,,
598,2014.0,Philadelphia,PA,10632.48,,,,
599,2014.0,Philadelphia,PA,53000.0,,,,
600,2014.0,Philadelphia,PA,15000.0,,,,
601,2014.0,Philadelphia,PA,75000.0,,,,
602,2014.0,Philadelphia,PA,15000.0,,,,
603,2014.0,Philadelphia,PA,325000.0,,,,
604,2014.0,Philadelphia,PA,17500.0,,,,
605,2014.0,Philadelphia,PA,65000.0,,,,
606,2014.0,Philadelphia,PA,17500.0,,,,
607,2014.0,Philadelphia,PA,50000.0,,,,
608,2014.0,Philadelphia,PA,200000.0,,,,
609,2014.0,Philadelphia,PA,15000.0,,,,
610,2014.0,Philadelphia,PA,12500.0,,,,
611,2014.0,Philadelphia,PA,15000.0,,,,
612,2014.0,Philadelphia,PA,145000.0,,,,
613,2014.0,Philadelphia,PA,17500.0,,,,
614,2014.0,Philadelphia,PA,4250.0,,,,
615,2014.0,Philadelphia,PA,7500.0,,,,
616,2014.0,Philadelphia,PA,490000.0,,,,
617,2014.0,Philadelphia,PA,47500.0,,,,
618,2014.0,Philadelphia,PA,70000.0,,,,
619,2014.0,Philadelphia,PA,6500.0,,,,
620,2014.0,Philadelphia,PA,40000.0,,,,
621,2014.0,Philadelphia,PA,17500.0,,,,
622,2014.0,Philadelphia,PA,65766.78,,,,
623,2014.0,Philadelphia,PA,75000.0,,,,
624,2014.0,Philadelphia,PA,75000.0,,,,
625,2014.0,Philadelphia,PA,30000.0,,,,
626,2014.0,Philadelphia,PA,15000.0,,,,
627,2014.0,Philadelphia,PA,190000.0,,,,
628,2014.0,Philadelphia,PA,35500.0,,,,
629,2014.0,Philadelphia,PA,5000.0,,,,
630,2014.0,Philadelphia,PA,425000.0,,,,
631,2014.0,Philadelphia,PA,42500.0,,,,
632,2014.0,Philadelphia,PA,20000.0,,,,
633,2014.0,Philadelphia,PA,37500.0,,,,
634,2014.0,Philadelphia,PA,20000.0,,,,
635,2014.0,Philadelphia,PA,15000.0,,,,
636,2014.0,Philadelphia,PA,19000.0,,,,
637,2014.0,Philadelphia,PA,35000.0,,,,
638,2014.0,Philadelphia,PA,15000.0,,,,
639,2014.0,Philadelphia,PA,30000.0,,,,
640,2014.0,Philadelphia,PA,30000.0,,,,
641,2014.0,Philadelphia,PA,22500.0,,,,
642,2014.0,Philadelphia,PA,5000.0,,,,
643,2014.0,Philadelphia,PA,25000.0,,,,
644,2014.0,Philadelphia,PA,30000.0,,,,
645,2015.0,Philadelphia,PA,22500.0,,,,
646,2015.0,Philadelphia,PA,25000.0,,,,
647,2015.0,Philadelphia,PA,37500.0,,,,
648,2015.0,Philadelphia,PA,109000.0,,,,
649,2015.0,Philadelphia,PA,125000.0,,,,
650,2015.0,Philadelphia,PA,5000.0,,,,
651,2015.0,Philadelphia,PA,27500.0,,,,
652,2015.0,Philadelphia,PA,40000.0,,,,
653,2015.0,Philadelphia,PA,25000.0,,,,
654,2015.0,Philadelphia,PA,16250.0,,,,
655,2015.0,Philadelphia,PA,20000.0,,,,
656,2015.0,Philadelphia,PA,55000.0,,,,
657,2015.0,Philadelphia,PA,17500.0,,,,
658,2015.0,Philadelphia,PA,175000.0,,,,
659,2015.0,Philadelphia,PA,75000.0,,,,
660,2015.0,Philadelphia,PA,90000.0,,,,
661,2015.0,Philadelphia,PA,18500.0,,,,
662,2015.0,Philadelphia,PA,1000.0,,,,
663,2015.0,Philadelphia,PA,30000.0,,,,
664,2015.0,Philadelphia,PA,75000.0,,,,
665,2015.0,Philadelphia,PA,170000.0,,,,
666,2015.0,Philadelphia,PA,30000.0,,,,
667,2015.0,Philadelphia,PA,32500.0,,,,
668,2015.0,Philadelphia,PA,9675.0,,,,
669,2015.0,Philadelphia,PA,490000.0,,,,
670,2015.0,Philadelphia,PA,42500.0,,,,
671,2015.0,Philadelphia,PA,85000.0,,,,
672,2015.0,Philadelphia,PA,12500.0,,,,
673,2015.0,Philadelphia,PA,100000.0,,,,
674,2015.0,Philadelphia,PA,67500.0,,,,
675,2015.0,Philadelphia,PA,19500.0,,,,
676,2015.0,Philadelphia,PA,125000.0,,,,
677,2015.0,Philadelphia,PA,13000.0,,,,
678,2015.0,Philadelphia,PA,85000.0,,,,
679,2015.0,Philadelphia,PA,7500.0,,,,
680,2015.0,Philadelphia,PA,70000.0,,,,
681,2015.0,Philadelphia,PA,25000.0,,,,
682,2015.0,Philadelphia,PA,2750.0,,,,
683,2015.0,Philadelphia,PA,85000.0,,,,
684,2015.0,Philadelphia,PA,25000.0,,,,
685,2015.0,Philadelphia,PA,131234.9,,,,
686,2015.0,Philadelphia,PA,35000.0,,,,
687,2015.0,Philadelphia,PA,25000.0,,,,
688,2015.0,Philadelphia,PA,25000.0,,,,
689,2015.0,Philadelphia,PA,25000.0,,,,
690,2015.0,Philadelphia,PA,60000.0,,,,
691,2015.0,Philadelphia,PA,17500.0,,,,
692,2015.0,Philadelphia,PA,32500.0,,,,
693,2015.0,Philadelphia,PA,2500.0,,,,
694,2015.0,Philadelphia,PA,100000.0,,,,
695,2015.0,Philadelphia,PA,8000.0,,,,
696,2015.0,Philadelphia,PA,6000.0,,,,
697,2015.0,Philadelphia,PA,50000.0,,,,
698,2015.0,Philadelphia,PA,45000.0,,,,
699,2015.0,Philadelphia,PA,35000.0,,,,
700,2015.0,Philadelphia,PA,199000.0,,,,
701,2015.0,Philadelphia,PA,40000.0,,,,
702,2015.0,Philadelphia,PA,70000.0,,,,
703,2015.0,Philadelphia,PA,55000.0,,,,
704,2015.0,Philadelphia,PA,20000.0,,,,
705,2015.0,Philadelphia,PA,140000.0,,,,
706,2015.0,Philadelphia,PA,7500.0,,,,
707,2015.0,Philadelphia,PA,65000.0,,,,
708,2015.0,Philadelphia,PA,10000.0,,,,
709,2015.0,Philadelphia,PA,15000.0,,,,
710,2015.0,Philadelphia,PA,22500.0,,,,
711,2015.0,Philadelphia,PA,20000.0,,,,
712,2015.0,Philadelphia,PA,12500.0,,,,
713,2015.0,Philadelphia,PA,250000.0,,,,
714,2015.0,Philadelphia,PA,20000.0,,,,
715,2015.0,Philadelphia,PA,22500.0,,,,
716,2015.0,Philadelphia,PA,40000.0,,,,
717,2015.0,Philadelphia,PA,22500.0,,,,
718,2015.0,Philadelphia,PA,17500.0,,,,
719,2015.0,Philadelphia,PA,50000.0,,,,
720,2015.0,Philadelphia,PA,78128.0,,,,
721,2015.0,Philadelphia,PA,20000.0,,,,
722,2015.0,Philadelphia,PA,42000.0,,,,
723,2015.0,Philadelphia,PA,12500.0,,,,
724,2015.0,Philadelphia,PA,20000.0,,,,
725,2015.0,Philadelphia,PA,45000.0,,,,
726,2015.0,Philadelphia,PA,78000.0,,,,
727,2015.0,Philadelphia,PA,10000.0,,,,
728,2015.0,Philadelphia,PA,16000.0,,,,
729,2015.0,Philadelphia,PA,210000.0,,,,
730,2015.0,Philadelphia,PA,27500.0,,,,
731,2015.0,Philadelphia,PA,1600000.0,,,,
732,2015.0,Philadelphia,PA,7500.0,,,,
733,2015.0,Philadelphia,PA,5000.0,,,,
734,2015.0,Philadelphia,PA,5000.0,,,,
735,2015.0,Philadelphia,PA,12000.0,,,,
736,2015.0,Philadelphia,PA,105000.0,,,,
737,2015.0,Philadelphia,PA,22500.0,,,,
738,2015.0,Philadelphia,PA,50000.0,,,,
739,2015.0,Philadelphia,PA,315000.0,,,,
740,2015.0,Philadelphia,PA,250000.0,,,,
741,2015.0,Philadelphia,PA,40000.0,,,,
742,2015.0,Philadelphia,PA,45000.0,,,,
743,2015.0,Philadelphia,PA,35000.0,,,,
744,2015.0,Philadelphia,PA,17500.0,,,,
745,2015.0,Philadelphia,PA,70000.0,,,,
746,2015.0,Philadelphia,PA,2500.0,,,,
747,2015.0,Philadelphia,PA,30122.0,,,,
748,2015.0,Philadelphia,PA,45000.0,,,,
749,2015.0,Philadelphia,PA,6500.0,,,,
750,2015.0,Philadelphia,PA,15000.0,,,,
751,2015.0,Philadelphia,PA,30000.0,,,,
752,2015.0,Philadelphia,PA,125000.0,,,,
753,2015.0,Philadelphia,PA,30000.0,,,,
754,2015.0,Philadelphia,PA,59500.0,,,,
755,2015.0,Philadelphia,PA,27500.0,,,,
756,2015.0,Philadelphia,PA,50000.0,,,,
757,2015.0,Philadelphia,PA,10000.0,,,,
758,2015.0,Philadelphia,PA,12500.0,,,,
759,2015.0,Philadelphia,PA,65000.0,,,,
760,2015.0,Philadelphia,PA,20000.0,,,,
761,2015.0,Philadelphia,PA,25000.0,,,,
762,2016.0,Philadelphia,PA,17500.0,,,,
763,2016.0,Philadelphia,PA,50000.0,,,,
764,2016.0,Philadelphia,PA,1250000.0,,,,
765,2016.0,Philadelphia,PA,50000.0,,,,
766,2016.0,Philadelphia,PA,55000.0,,,,
767,2016.0,Philadelphia,PA,900.0,,,,
768,2016.0,Philadelphia,PA,7500.0,,,,
769,2016.0,Philadelphia,PA,100000.0,,,,
770,2016.0,Philadelphia,PA,2500.0,,,,
771,2016.0,Philadelphia,PA,25500.0,,,,
772,2016.0,Philadelphia,PA,45000.0,,,,
773,2016.0,Philadelphia,PA,5250.0,,,,
774,2016.0,Philadelphia,PA,52500.0,,,,
775,2016.0,Philadelphia,PA,80000.0,,,,
776,2016.0,Philadelphia,PA,57500.0,,,,
777,2016.0,Philadelphia,PA,15000.0,,,,
778,2016.0,Philadelphia,PA,97500.0,,,,
779,2016.0,Philadelphia,PA,2500.0,,,,
780,2016.0,Philadelphia,PA,35000.0,,,,
781,2016.0,Philadelphia,PA,30000.0,,,,
782,2016.0,Philadelphia,PA,10000.0,,,,
783,2016.0,Philadelphia,PA,30000.0,,,,
784,2016.0,Philadelphia,PA,5000.0,,,,
785,2016.0,Philadelphia,PA,30000.0,,,,
786,2016.0,Philadelphia,PA,50000.0,,,,
787,2016.0,Philadelphia,PA,5000.0,,,,
788,2016.0,Philadelphia,PA,70000.0,,,,
789,2016.0,Philadelphia,PA,100000.0,,,,
790,2016.0,Philadelphia,PA,3000.0,,,,
791,2016.0,Philadelphia,PA,35000.0,,,,
792,2016.0,Philadelphia,PA,25000.0,,,,
793,2016.0,Philadelphia,PA,15000.0,,,,
794,2016.0,Philadelphia,PA,15000.0,,,,
795,2016.0,Philadelphia,PA,1000.0,,,,
796,2016.0,Philadelphia,PA,12000.0,,,,
797,2016.0,Philadelphia,PA,45000.0,,,,
798,2016.0,Philadelphia,PA,7500.0,,,,
799,2016.0,Philadelphia,PA,25000.0,,,,
800,2016.0,Philadelphia,PA,22500.0,,,,
801,2016.0,Philadelphia,PA,130000.0,,,,
802,2016.0,Philadelphia,PA,25000.0,,,,
803,2016.0,Philadelphia,PA,450000.0,,,,
804,2016.0,Philadelphia,PA,30000.0,,,,
805,2016.0,Philadelphia,PA,17500.0,,,,
806,2016.0,Philadelphia,PA,19000.0,,,,
807,2016.0,Philadelphia,PA,200000.0,,,,
808,2016.0,Philadelphia,PA,142500.0,,,,
809,2016.0,Philadelphia,PA,5000.0,,,,
810,2016.0,Philadelphia,PA,150000.0,,,,
811,2016.0,Philadelphia,PA,30000.0,,,,
812,2016.0,Philadelphia,PA,7500.0,,,,
813,2016.0,Philadelphia,PA,50000.0,,,,
814,2016.0,Philadelphia,PA,125000.0,,,,
815,2016.0,Philadelphia,PA,30000.0,,,,
816,2016.0,Philadelphia,PA,10000.0,,,,
817,2016.0,Philadelphia,PA,110000.0,,,,
818,2016.0,Philadelphia,PA,35000.0,,,,
819,2016.0,Philadelphia,PA,625000.0,,,,
820,2016.0,Philadelphia,PA,25000.0,,,,
821,2016.0,Philadelphia,PA,17500.0,,,,
822,2016.0,Philadelphia,PA,30000.0,,,,
823,2016.0,Philadelphia,PA,10000.0,,,,
824,2016.0,Philadelphia,PA,80000.0,,,,
825,2016.0,Philadelphia,PA,300000.0,,,,
826,2016.0,Philadelphia,PA,22500.0,,,,
827,2016.0,Philadelphia,PA,25000.0,,,,
828,2016.0,Philadelphia,PA,500000.0,,,,
829,2016.0,Philadelphia,PA,9500.0,,,,
830,2016.0,Philadelphia,PA,22500.0,,,,
831,2016.0,Philadelphia,PA,100000.0,,,,
832,2016.0,Philadelphia,PA,275000.0,,,,
833,2016.0,Philadelphia,PA,35000.0,,,,
834,2016.0,Philadelphia,PA,20000.0,,,,
835,2016.0,Philadelphia,PA,25000.0,,,,
836,2016.0,Philadelphia,PA,50000.0,,,,
837,2016.0,Philadelphia,PA,2200.0,,,,
838,2016.0,Philadelphia,PA,150000.0,,,,
839,2016.0,Philadelphia,PA,34000.0,,,,
840,2016.0,Philadelphia,PA,12500.0,,,,
841,2016.0,Philadelphia,PA,1000.0,,,,
842,2016.0,Philadelphia,PA,2000.0,,,,
843,2016.0,Philadelphia,PA,40000.0,,,,
844,2016.0,Philadelphia,PA,10000.0,,,,
845,2016.0,Philadelphia,PA,22500.0,,,,
846,2016.0,Philadelphia,PA,60000.0,,,,
847,2016.0,Philadelphia,PA,24000.0,,,,
848,2016.0,Philadelphia,PA,5000.0,,,,
849,2016.0,Philadelphia,PA,15000.0,,,,
850,2016.0,Philadelphia,PA,27500.0,,,,
851,2016.0,Philadelphia,PA,27500.0,,,,
852,2016.0,Philadelphia,PA,125000.0,,,,
853,2016.0,Philadelphia,PA,85000.0,,,,
854,2016.0,Philadelphia,PA,500.0,,,,
855,2016.0,Philadelphia,PA,125000.0,,,,
856,2016.0,Philadelphia,PA,75000.0,,,,
857,2017.0,Philadelphia,PA,15000.0,,,,
858,2017.0,Philadelphia,PA,4400000.0,,,,
859,2017.0,Philadelphia,PA,10000.0,,,,
860,2017.0,Philadelphia,PA,11800.0,,,,
861,2017.0,Philadelphia,PA,1000.0,,,,
862,2017.0,Philadelphia,PA,1500.0,,,,
863,2017.0,Philadelphia,PA,42500.0,,,,
864,2017.0,Philadelphia,PA,500.0,,,,
865,2017.0,Philadelphia,PA,12000.0,,,,
866,2017.0,Philadelphia,PA,25000.0,,,,
867,2017.0,Philadelphia,PA,25000.0,,,,
868,2017.0,Philadelphia,PA,10000.0,,,,
869,2017.0,Philadelphia,PA,20000.0,,,,
870,2017.0,Philadelphia,PA,10000.0,,,,
871,2017.0,Philadelphia,PA,100000.0,,,,
872,2017.0,Philadelphia,PA,85000.0,,,,
873,2017.0,Philadelphia,PA,13500.0,,,,
874,2017.0,Philadelphia,PA,10000.0,,,,
875,2017.0,Philadelphia,PA,10000.0,,,,
876,2017.0,Philadelphia,PA,6000.0,,,,
877,2017.0,Philadelphia,PA,325000.0,,,,
878,2017.0,Philadelphia,PA,17000.0,,,,
879,2017.0,Philadelphia,PA,16000.0,,,,
880,2017.0,Philadelphia,PA,132500.0,,,,
881,2017.0,Philadelphia,PA,33000.0,,,,
882,2017.0,Philadelphia,PA,50000.0,,,,
883,2017.0,Philadelphia,PA,65000.0,,,,
884,2017.0,Philadelphia,PA,45000.0,,,,
885,2017.0,Philadelphia,PA,11500.0,,,,
886,2017.0,Philadelphia,PA,22500.0,,,,
887,2017.0,Philadelphia,PA,8000.0,,,,
888,2017.0,Philadelphia,PA,85000.0,,,,
889,2017.0,Philadelphia,PA,25000.0,,,,
890,2017.0,Philadelphia,PA,30000.0,,,,
891,2017.0,Philadelphia,PA,20000.0,,,,
892,2017.0,Philadelphia,PA,10000.0,,,,
893,2017.0,Philadelphia,PA,7500.0,,,,
894,2017.0,Philadelphia,PA,45000.0,,,,
895,2017.0,Philadelphia,PA,575000.0,,,,
896,2017.0,Philadelphia,PA,6000.0,,,,
897,2017.0,Philadelphia,PA,85000.0,,,,
898,2017.0,Philadelphia,PA,70000.0,,,,
899,2017.0,Philadelphia,PA,70500.0,,,,
900,2017.0,Philadelphia,PA,10000.0,,,,
901,2017.0,Philadelphia,PA,5000.0,,,,
902,2017.0,Philadelphia,PA,2500.0,,,,
903,2017.0,Philadelphia,PA,15000.0,,,,
904,2017.0,Philadelphia,PA,20000.0,,,,
905,2017.0,Philadelphia,PA,12500.0,,,,
906,2017.0,Philadelphia,PA,12500.0,,,,
907,2017.0,Philadelphia,PA,65000.0,,,,
908,2017.0,Philadelphia,PA,47500.0,,,,
909,2017.0,Philadelphia,PA,1500.0,,,,
910,2017.0,Philadelphia,PA,40000.0,,,,
911,2017.0,Philadelphia,PA,6000.0,,,,
912,2017.0,Philadelphia,PA,55000.0,,,,
913,2017.0,Philadelphia,PA,9500.0,,,,
914,2017.0,Philadelphia,PA,25000.0,,,,
915,2017.0,Philadelphia,PA,22500.0,,,,
916,2017.0,Philadelphia,PA,125000.0,,,,
917,2017.0,Philadelphia,PA,5000.0,,,,
918,2017.0,Philadelphia,PA,98000.0,,,,
919,2017.0,Philadelphia,PA,115000.0,,,,
920,2017.0,Philadelphia,PA,11500.0,,,,
921,2017.0,Philadelphia,PA,12500.0,,,,
922,2017.0,Philadelphia,PA,35000.0,,,,
923,2017.0,Philadelphia,PA,48750.0,,,,
924,2017.0,Philadelphia,PA,82500.0,,,,
925,2017.0,Philadelphia,PA,35000.0,,,,
926,2017.0,Philadelphia,PA,82500.0,,,,
927,2017.0,Philadelphia,PA,15000.0,,,,
928,2017.0,Philadelphia,PA,85000.0,,,,
929,2017.0,Philadelphia,PA,8500.0,,,,
930,2017.0,Philadelphia,PA,17000.0,,,,
931,2017.0,Philadelphia,PA,50000.0,,,,
932,2017.0,Philadelphia,PA,85000.0,,,,
933,2017.0,Philadelphia,PA,42500.0,,,,
934,2017.0,Philadelphia,PA,10000.0,,,,
935,2017.0,Philadelphia,PA,12000.0,,,,
936,2017.0,Philadelphia,PA,35000.0,,,,
937,2017.0,Philadelphia,PA,15000.0,,,,
938,2017.0,Philadelphia,PA,102000.0,,,,
939,2017.0,Philadelphia,PA,350000.0,,,,
940,2017.0,Philadelphia,PA,20000.0,,,,
941,2017.0,Philadelphia,PA,20000.0,,,,
942,2017.0,Philadelphia,PA,97500.0,,,,
943,2017.0,Philadelphia,PA,22500.0,,,,
944,2017.0,Philadelphia,PA,250500.0,,,,
945,2017.0,Philadelphia,PA,24000.0,,,,
946,2017.0,Philadelphia,PA,15000.0,,,,
947,2017.0,Philadelphia,PA,147500.0,,,,
948,2017.0,Philadelphia,PA,750000.0,,,,
949,2017.0,Philadelphia,PA,14000.0,,,,
950,2017.0,Philadelphia,PA,250000.0,,,,
951,2017.0,Philadelphia,PA,35000.0,,,,
952,2017.0,Philadelphia,PA,11000.0,,,,
953,2017.0,Philadelphia,PA,17500.0,,,,
954,2017.0,Philadelphia,PA,95000.0,,,,
955,2017.0,Philadelphia,PA,15000.0,,,,
956,2017.0,Philadelphia,PA,15000.0,,,,
957,2017.0,Philadelphia,PA,15000.0,,,,
958,2017.0,Philadelphia,PA,85000.0,,,,
959,2017.0,Philadelphia,PA,10000.0,,,,
960,2017.0,Philadelphia,PA,20000.0,,,,
961,2017.0,Philadelphia,PA,20000.0,,,,
962,2017.0,Philadelphia,PA,30000.0,,,,
963,2017.0,Philadelphia,PA,10000.0,,,,
964,2017.0,Philadelphia,PA,50000.0,,,,
965,2017.0,Philadelphia,PA,25000.0,,,,
966,2017.0,Philadelphia,PA,15000.0,,,,
967,2017.0,Philadelphia,PA,30000.0,,,,
968,2017.0,Philadelphia,PA,10000.0,,,,
969,2017.0,Philadelphia,PA,15000.0,,,,
970,2017.0,Philadelphia,PA,20000.0,,,,
971,2017.0,Philadelphia,PA,12500.0,,,,
972,2017.0,Philadelphia,PA,25000.0,,,,
973,2017.0,Philadelphia,PA,15000.0,,,,
974,2017.0,Philadelphia,PA,30000.0,,,,
975,2017.0,Philadelphia,PA,13500.0,,,,
976,2017.0,Philadelphia,PA,95000.0,,,,
977,2017.0,Philadelphia,PA,750.0,,,,
978,2017.0,Philadelphia,PA,12500.0,,,,
979,2017.0,Philadelphia,PA,7500.0,,,,
980,2017.0,Philadelphia,PA,30000.0,,,,
981,2017.0,Philadelphia,PA,75000.0,,,,
982,2017.0,Philadelphia,PA,37500.0,,,,
983,2017.0,Philadelphia,PA,87500.0,,,,
984,2017.0,Philadelphia,PA,36000.0,,,,
985,2017.0,Philadelphia,PA,25000.0,,,,
986,2017.0,Philadelphia,PA,50000.0,,,,
987,2017.0,Philadelphia,PA,75000.0,,,,
988,2017.0,Philadelphia,PA,16500.0,,,,
989,2017.0,Philadelphia,PA,32500.0,,,,
990,2017.0,Philadelphia,PA,137500.0,,,,
991,2017.0,Philadelphia,PA,10000.0,,,,
992,2017.0,Philadelphia,PA,40000.0,,,,
993,2017.0,Philadelphia,PA,50000.0,,,,
994,2017.0,Philadelphia,PA,55000.0,,,,
995,2017.0,Philadelphia,PA,15000.0,,,,
996,2017.0,Philadelphia,PA,10000.0,,,,
997,2017.0,Philadelphia,PA,30000.0,,,,
998,2017.0,Philadelphia,PA,15000.0,,,,
999,2017.0,Philadelphia,PA,5000.0,,,,
1000,2017.0,Philadelphia,PA,15000.0,,,,
1001,2017.0,Philadelphia,PA,12500.0,,,,
1002,2017.0,Philadelphia,PA,30000.0,,,,
1003,2017.0,Philadelphia,PA,20000.0,,,,
1004,2017.0,Philadelphia,PA,15000.0,,,,
1005,2017.0,Philadelphia,PA,46500.0,,,,
1006,2017.0,Philadelphia,PA,20000.0,,,,
1007,2017.0,Philadelphia,PA,125000.0,,,,
1008,2017.0,Philadelphia,PA,15000.0,,,,
1009,2017.0,Philadelphia,PA,35000.0,,,,
1010,2017.0,Philadelphia,PA,50000.0,,,,
1011,2017.0,Philadelphia,PA,35000.0,,,,
1012,2017.0,Philadelphia,PA,25000.0,,,,
1013,2017.0,Philadelphia,PA,10000.0,,,,
1014,2017.0,Philadelphia,PA,10000.0,,,,
1015,2017.0,Philadelphia,PA,25000.0,,,,
1016,2017.0,Philadelphia,PA,17500.0,,,,
1017,2017.0,Philadelphia,PA,35000.0,,,,
1018,2017.0,Philadelphia,PA,20000.0,,,,
1019,2017.0,Philadelphia,PA,160000.0,,,,
1020,2017.0,Philadelphia,PA,20000.0,,,,
1021,2017.0,Philadelphia,PA,20000.0,,,,
1022,2017.0,Philadelphia,PA,17500.0,,,,
1023,2017.0,Philadelphia,PA,6000.0,,,,
1024,2017.0,Philadelphia,PA,45000.0,,,,
1025,2017.0,Philadelphia,PA,15000.0,,,,
1026,2017.0,Philadelphia,PA,30000.0,,,,
1027,2017.0,Philadelphia,PA,15000.0,,,,
1028,2017.0,Philadelphia,PA,25000.0,,,,
1029,2017.0,Philadelphia,PA,10000.0,,,,
1030,2017.0,Philadelphia,PA,50000.0,,,,
1031,2017.0,Philadelphia,PA,15000.0,,,,
1032,2017.0,Philadelphia,PA,30000.0,,,,
1033,2017.0,Philadelphia,PA,35000.0,,,,
1034,2017.0,Philadelphia,PA,40000.0,,,,
1035,2017.0,Philadelphia,PA,20000.0,,,,
1036,2017.0,Philadelphia,PA,75000.0,,,,
1037,2017.0,Philadelphia,PA,10000.0,,,,
1038,2017.0,Philadelphia,PA,7500.0,,,,
1039,2017.0,Philadelphia,PA,25000.0,,,,
1040,2017.0,Philadelphia,PA,75000.0,,,,
1041,2018.0,Philadelphia,PA,22500.0,,,,
1042,2018.0,Philadelphia,PA,10000.0,,,,
1043,2018.0,Philadelphia,PA,7424.15,,,,
1044,2018.0,Philadelphia,PA,50000.0,,,,
1045,2018.0,Philadelphia,PA,25000.0,,,,
1046,2018.0,Philadelphia,PA,7500.0,,,,
1047,2018.0,Philadelphia,PA,5000.0,,,,
1048,2018.0,Philadelphia,PA,40000.0,,,,
1049,2018.0,Philadelphia,PA,25000.0,,,,
1050,2018.0,Philadelphia,PA,70000.0,,,,
1051,2018.0,Philadelphia,PA,75000.0,,,,
1052,2018.0,Philadelphia,PA,200000.0,,,,
1053,2018.0,Philadelphia,PA,7500.0,,,,
1054,2018.0,Philadelphia,PA,17500.0,,,,
1055,2018.0,Philadelphia,PA,110000.0,,,,
1056,2018.0,Philadelphia,PA,10000.0,,,,
1057,2018.0,Philadelphia,PA,20000.0,,,,
1058,2018.0,Philadelphia,PA,15000.0,,,,
1059,2018.0,Philadelphia,PA,35000.0,,,,
1060,2018.0,Philadelphia,PA,10000.0,,,,
1061,2018.0,Philadelphia,PA,20000.0,,,,
1062,2018.0,Philadelphia,PA,20000.0,,,,
1063,2018.0,Philadelphia,PA,10000.0,,,,
1064,2018.0,Philadelphia,PA,7500.0,,,,
1065,2018.0,Philadelphia,PA,10000.0,,,,
1066,2018.0,Philadelphia,PA,16000.0,,,,
1067,2018.0,Philadelphia,PA,15000.0,,,,
1068,2018.0,Philadelphia,PA,10000.0,,,,
1069,2018.0,Philadelphia,PA,12500.0,,,,
1070,2018.0,Philadelphia,PA,17500.0,,,,
1071,2018.0,Philadelphia,PA,20000.0,,,,
1072,2018.0,Philadelphia,PA,15000.0,,,,
1073,2018.0,Philadelphia,PA,110000.0,,,,
1074,2018.0,Philadelphia,PA,50000.0,,,,
1075,2018.0,Philadelphia,PA,10000.0,,,,
1076,2018.0,Philadelphia,PA,25000.0,,,,
1077,2018.0,Philadelphia,PA,5000.0,,,,
1078,2018.0,Philadelphia,PA,30000.0,,,,
1079,2018.0,Philadelphia,PA,35000.0,,,,
1080,2018.0,Philadelphia,PA,30000.0,,,,
1081,2018.0,Philadelphia,PA,60000.0,,,,
1082,2018.0,Philadelphia,PA,20000.0,,,,
1083,2018.0,Philadelphia,PA,30000.0,,,,
1084,2018.0,Philadelphia,PA,60000.0,,,,
1085,2018.0,Philadelphia,PA,12500.0,,,,
1086,2018.0,Philadelphia,PA,12500.0,,,,
1087,2018.0,Philadelphia,PA,2000.0,,,,
1088,2018.0,Philadelphia,PA,12500.0,,,,
1089,2018.0,Philadelphia,PA,65000.0,,,,
1090,2018.0,Philadelphia,PA,11500.0,,,,
1091,2018.0,Philadelphia,PA,12500.0,,,,
1092,2018.0,Philadelphia,PA,13868.84,,,,
1093,2018.0,Philadelphia,PA,6500.0,,,,
1094,2018.0,Philadelphia,PA,12500.0,,,,
1095,2018.0,Philadelphia,PA,7500.0,,,,
1096,2018.0,Philadelphia,PA,85000.0,,,,
1097,2018.0,Philadelphia,PA,25000.0,,,,
1098,2018.0,Philadelphia,PA,75000.0,,,,
1099,2018.0,Philadelphia,PA,90000.0,,,,
1100,2018.0,Philadelphia,PA,60000.0,,,,
1101,2018.0,Philadelphia,PA,7500.0,,,,
1102,2018.0,Philadelphia,PA,10000.0,,,,
1103,2018.0,Philadelphia,PA,10000.0,,,,
1104,2018.0,Philadelphia,PA,25000.0,,,,
1105,2018.0,Philadelphia,PA,15000.0,,,,
1106,2018.0,Philadelphia,PA,15000.0,,,,
1107,2018.0,Philadelphia,PA,12500.0,,,,
1108,2018.0,Philadelphia,PA,60000.0,,,,
1109,2018.0,Philadelphia,PA,15000.0,,,,
1110,2018.0,Philadelphia,PA,75000.0,,,,
1111,2018.0,Philadelphia,PA,50000.0,,,,
1112,2018.0,Philadelphia,PA,30000.0,,,,
1113,2018.0,Philadelphia,PA,25000.0,,,,
1114,2018.0,Philadelphia,PA,35000.0,,,,
1115,2018.0,Philadelphia,PA,5000.0,,,,
1116,2018.0,Philadelphia,PA,50000.0,,,,
1117,2018.0,Philadelphia,PA,7500.0,,,,
1118,2018.0,Philadelphia,PA,7500.0,,,,
1119,2018.0,Philadelphia,PA,7500.0,,,,
1120,2018.0,Philadelphia,PA,225000.0,,,,
1121,2018.0,Philadelphia,PA,15000.0,,,,
1122,2018.0,Philadelphia,PA,55000.0,,,,
1123,2018.0,Philadelphia,PA,25000.0,,,,
1124,2018.0,Philadelphia,PA,75000.0,,,,
1125,2018.0,Philadelphia,PA,99000.0,,,,
1126,2018.0,Philadelphia,PA,30000.0,,,,
1127,2018.0,Philadelphia,PA,60000.0,,,,
1128,2018.0,Philadelphia,PA,25000.0,,,,
1129,2018.0,Philadelphia,PA,7500.0,,,,
1130,2018.0,Philadelphia,PA,3800.0,,,,
1131,2018.0,Philadelphia,PA,75000.0,,,,
1132,2018.0,Philadelphia,PA,5000.0,,,,
1133,2018.0,Philadelphia,PA,40000.0,,,,
1134,2018.0,Philadelphia,PA,10000.0,,,,
1135,2018.0,Philadelphia,PA,21500.0,,,,
1136,2018.0,Philadelphia,PA,12500.0,,,,
1137,2018.0,Philadelphia,PA,7500.0,,,,
1138,2018.0,Philadelphia,PA,25000.0,,,,
1139,2018.0,Philadelphia,PA,30000.0,,,,
1140,2018.0,Philadelphia,PA,18000.0,,,,
1141,2018.0,Philadelphia,PA,5000.0,,,,
1142,2018.0,Philadelphia,PA,35000.0,,,,
1143,2018.0,Philadelphia,PA,40000.0,,,,
1144,2018.0,Philadelphia,PA,25000.0,,,,
1145,2018.0,Philadelphia,PA,20000.0,,,,
1146,2018.0,Philadelphia,PA,50000.0,,,,
1147,2018.0,Philadelphia,PA,60000.0,,,,
1148,2018.0,Philadelphia,PA,25000.0,,,,
1149,2018.0,Philadelphia,PA,32500.0,,,,
1150,2018.0,Philadelphia,PA,10947.0,,,,
1151,2018.0,Philadelphia,PA,45000.0,,,,
1152,2018.0,Philadelphia,PA,27500.0,,,,
1153,2018.0,Philadelphia,PA,1500.0,,,,
1154,2018.0,Philadelphia,PA,9850000.0,,,,
1155,2018.0,Philadelphia,PA,45000.0,,,,
1156,2018.0,Philadelphia,PA,35000.0,,,,
1157,2018.0,Philadelphia,PA,40000.0,,,,
1158,2018.0,Philadelphia,PA,35000.0,,,,
1159,2018.0,Philadelphia,PA,25000.0,,,,
1160,2018.0,Philadelphia,PA,30000.0,,,,
1161,2018.0,Philadelphia,PA,30000.0,,,,
1162,2018.0,Philadelphia,PA,30000.0,,,,
1163,2018.0,Philadelphia,PA,15000.0,,,,
1164,2018.0,Philadelphia,PA,2.0,,,,
1165,2018.0,Philadelphia,PA,25000.0,,,,
1166,2018.0,Philadelphia,PA,85000.0,,,,
1167,2018.0,Philadelphia,PA,35000.0,,,,
1168,2018.0,Philadelphia,PA,75000.0,,,,
1169,2018.0,Philadelphia,PA,37500.0,,,,
1170,2018.0,Philadelphia,PA,35000.0,,,,
1171,2018.0,Philadelphia,PA,25000.0,,,,
1172,2018.0,Philadelphia,PA,25000.0,,,,
1173,2018.0,Philadelphia,PA,20000.0,,,,
1174,2018.0,Philadelphia,PA,30000.0,,,,
1175,2018.0,Philadelphia,PA,15000.0,,,,
1176,2018.0,Philadelphia,PA,15000.0,,,,
1177,2018.0,Philadelphia,PA,26665.42,,,,
1178,2018.0,Philadelphia,PA,40000.0,,,,
1179,2018.0,Philadelphia,PA,15000.0,,,,
1180,2018.0,Philadelphia,PA,15000.0,,,,
1181,2018.0,Philadelphia,PA,3000000.0,,,,
1182,2018.0,Philadelphia,PA,10000.0,,,,
1183,2018.0,Philadelphia,PA,475000.0,,,,
1184,2018.0,Philadelphia,PA,20000.0,,,,
1185,2018.0,Philadelphia,PA,10000.0,,,,
1186,2018.0,Philadelphia,PA,7000.0,,,,
1187,2018.0,Philadelphia,PA,2000.0,,,,
1188,2018.0,Philadelphia,PA,10000.0,,,,
1189,2018.0,Philadelphia,PA,10000.0,,,,
1190,2018.0,Philadelphia,PA,10000.0,,,,
1191,2018.0,Philadelphia,PA,15000.0,,,,
1192,2018.0,Philadelphia,PA,150000.0,,,,
1193,2018.0,Philadelphia,PA,25000.0,,,,
1194,2018.0,Philadelphia,PA,600000.0,,,,
1195,2018.0,Philadelphia,PA,25000.0,,,,
1196,2018.0,Philadelphia,PA,45000.0,,,,
1197,2018.0,Philadelphia,PA,6500.0,,,,
1198,2018.0,Philadelphia,PA,8000.0,,,,
1199,2018.0,Philadelphia,PA,95000.0,,,,
1200,2018.0,Philadelphia,PA,500000.0,,,,
1201,2018.0,Philadelphia,PA,35000.0,,,,
1202,2018.0,Philadelphia,PA,45000.0,,,,
1203,2018.0,Philadelphia,PA,57500.0,,,,
1204,2018.0,Philadelphia,PA,2500.0,,,,
1205,2018.0,Philadelphia,PA,20000.0,,,,
1206,2018.0,Philadelphia,PA,45000.0,,,,
1207,2018.0,Philadelphia,PA,195000.0,,,,
1208,2018.0,Philadelphia,PA,22500.0,,,,
1209,2018.0,Philadelphia,PA,81000.0,,,,
1210,2018.0,Philadelphia,PA,50000.0,,,,
1211,2018.0,Philadelphia,PA,2500.0,,,,
1212,2018.0,Philadelphia,PA,10000.0,,,,
1213,2019.0,Philadelphia,PA,52000.0,,,,
1214,2019.0,Philadelphia,PA,16000.0,,,,
1215,2019.0,Philadelphia,PA,16000.0,,,,
1216,2019.0,Philadelphia,PA,12500.0,,,,
1217,2019.0,Philadelphia,PA,11500.0,,,,
1218,2019.0,Philadelphia,PA,15000.0,,,,
1219,2019.0,Philadelphia,PA,51000.0,,,,
1220,2019.0,Philadelphia,PA,10000.0,,,,
1221,2019.0,Philadelphia,PA,17500.0,,,,
1222,2019.0,Philadelphia,PA,11000.0,,,,
1223,2019.0,Philadelphia,PA,11000.0,,,,
1224,2019.0,Philadelphia,PA,80000.0,,,,
1225,2019.0,Philadelphia,PA,10000.0,,,,
1226,2019.0,Philadelphia,PA,9000.0,,,,
1227,2019.0,Philadelphia,PA,10000.0,,,,
1228,2019.0,Philadelphia,PA,12500.0,,,,
1229,2019.0,Philadelphia,PA,30000.0,,,,
1230,2019.0,Philadelphia,PA,30000.0,,,,
1231,2019.0,Philadelphia,PA,12500.0,,,,
1232,2019.0,Philadelphia,PA,10000.0,,,,
1233,2019.0,Philadelphia,PA,40000.0,,,,
1234,2019.0,Philadelphia,PA,25000.0,,,,
1235,2019.0,Philadelphia,PA,10000.0,,,,
1236,2019.0,Philadelphia,PA,12500.0,,,,
1237,2019.0,Philadelphia,PA,25000.0,,,,
1238,2019.0,Philadelphia,PA,25000.0,,,,
1239,2019.0,Philadelphia,PA,50000.0,,,,
1240,2019.0,Philadelphia,PA,22500.0,,,,
1241,2019.0,Philadelphia,PA,82500.0,,,,
1242,2019.0,Philadelphia,PA,10000.0,,,,
1243,2019.0,Philadelphia,PA,3000.0,,,,
1244,2019.0,Philadelphia,PA,7500.0,,,,
1245,2019.0,Philadelphia,PA,28000.0,,,,
1246,2019.0,Philadelphia,PA,75000.0,,,,
1247,2019.0,Philadelphia,PA,12500.0,,,,
1248,2019.0,Philadelphia,PA,8500.0,,,,
1249,2019.0,Philadelphia,PA,21500.0,,,,
1250,2019.0,Philadelphia,PA,80000.0,,,,
1251,2019.0,Philadelphia,PA,58000.0,,,,
1252,2019.0,Philadelphia,PA,22500.0,,,,
1253,2019.0,Philadelphia,PA,25000.0,,,,
1254,2019.0,Philadelphia,PA,10000.0,,,,
1255,2019.0,Philadelphia,PA,2681552.3,,,,
1256,2019.0,Philadelphia,PA,3750000.0,,,,
1257,2019.0,Philadelphia,PA,750000.0,,,,
1258,2019.0,Philadelphia,PA,30000.0,,,,
1259,2019.0,Philadelphia,PA,85000.0,,,,
1260,2019.0,Philadelphia,PA,15000.0,,,,
1261,2019.0,Philadelphia,PA,250000.0,,,,
1262,2019.0,Philadelphia,PA,10000.0,,,,
1263,2019.0,Philadelphia,PA,4000.0,,,,
1264,2019.0,Philadelphia,PA,35000.0,,,,
1265,2019.0,Philadelphia,PA,2000.0,,,,
1266,2019.0,Philadelphia,PA,200000.0,,,,
1267,2019.0,Philadelphia,PA,27500.0,,,,
1268,2019.0,Philadelphia,PA,12500.0,,,,
1269,2019.0,Philadelphia,PA,65000.0,,,,
1270,2019.0,Philadelphia,PA,90000.0,,,,
1271,2019.0,Philadelphia,PA,30000.0,,,,
1272,2019.0,Philadelphia,PA,17500.0,,,,
1273,2019.0,Philadelphia,PA,20000.0,,,,
1274,2019.0,Philadelphia,PA,1250.0,,,,
1275,2019.0,Philadelphia,PA,80000.0,,,,
1276,,Philadelphia,PA,41613.0,,,,
1277,2019.0,Philadelphia,PA,20000.0,,,,
1278,2019.0,Philadelphia,PA,34500.0,,,,
1279,2019.0,Philadelphia,PA,30000.0,,,,
1280,2019.0,Philadelphia,PA,912500.0,,,,
1281,2019.0,Philadelphia,PA,235000.0,,,,
1282,2019.0,Philadelphia,PA,6000.0,,,,
1283,2019.0,Philadelphia,PA,12500.0,,,,
1284,2019.0,Philadelphia,PA,265000.0,,,,
1285,2019.0,Philadelphia,PA,9000.0,,,,
1286,2019.0,Philadelphia,PA,150000.0,,,,
1287,2019.0,Philadelphia,PA,12500.0,,,,
1288,2019.0,Philadelphia,PA,80000.0,,,,
1289,2019.0,Philadelphia,PA,275000.0,,,,
1290,2019.0,Philadelphia,PA,800000.0,,,,
1291,2019.0,Philadelphia,PA,10000.0,,,,
1292,2019.0,Philadelphia,PA,50000.0,,,,
1293,2019.0,Philadelphia,PA,125000.0,,,,
1294,2009.0,Philadelphia,PA,25000.0,,,,
1295,2009.0,Philadelphia,PA,1500.0,,,,
1296,2009.0,Philadelphia,PA,80000.0,,,,
1297,2009.0,Philadelphia,PA,28000.0,,,,
1298,2009.0,Philadelphia,PA,13000.0,,,,
1299,2009.0,Philadelphia,PA,35000.0,,,,
1300,2009.0,Philadelphia,PA,95000.0,,,,
1301,2009.0,Philadelphia,PA,22500.0,,,,
1302,2009.0,Philadelphia,PA,47500.0,,,,
1303,2009.0,Philadelphia,PA,9000.0,,,,
1304,2009.0,Philadelphia,PA,17000.0,,,,
1305,2009.0,Philadelphia,PA,5500.0,,,,
1306,2009.0,Philadelphia,PA,25000.0,,,,
1307,2009.0,Philadelphia,PA,10000.0,,,,
1308,2009.0,Philadelphia,PA,9000.0,,,,
1309,2009.0,Philadelphia,PA,3000.0,,,,
1310,2009.0,Philadelphia,PA,70000.0,,,,
1311,2009.0,Philadelphia,PA,4500.0,,,,
1312,2009.0,Philadelphia,PA,185000.0,,,,
1313,2009.0,Philadelphia,PA,10000.0,,,,
1314,2009.0,Philadelphia,PA,12500.0,,,,
1315,2009.0,Philadelphia,PA,93750.0,,,,
1316,2009.0,Philadelphia,PA,88500.0,,,,
1317,2009.0,Philadelphia,PA,5000.0,,,,
1318,2009.0,Philadelphia,PA,15000.0,,,,
1319,2009.0,Philadelphia,PA,350000.0,,,,
1320,2009.0,Philadelphia,PA,12500.0,,,,
1321,2009.0,Philadelphia,PA,1000.0,,,,
1322,2009.0,Philadelphia,PA,69000.0,,,,
1323,2009.0,Philadelphia,PA,7500.0,,,,
1324,2009.0,Philadelphia,PA,60000.0,,,,
1325,2009.0,Philadelphia,PA,20000.0,,,,
1326,2009.0,Philadelphia,PA,65000.0,,,,
1327,2009.0,Philadelphia,PA,50000.0,,,,
1328,2009.0,Philadelphia,PA,17500.0,,,,
1329,2009.0,Philadelphia,PA,10000.0,,,,
1330,2009.0,Philadelphia,PA,5000.0,,,,
1331,2009.0,Philadelphia,PA,42500.0,,,,
1332,2009.0,Philadelphia,PA,18000.0,,,,
1333,2009.0,Philadelphia,PA,50536.18,,,,
1334,2009.0,Philadelphia,PA,12500.0,,,,
1335,2009.0,Philadelphia,PA,1500.0,,,,
1336,2009.0,Philadelphia,PA,12000.0,,,,
1337,2009.0,Philadelphia,PA,15000.0,,,,
1338,2009.0,Philadelphia,PA,55000.0,,,,
1339,2009.0,Philadelphia,PA,42500.0,,,,
1340,2009.0,Philadelphia,PA,2000.0,,,,
1341,2009.0,Philadelphia,PA,30000.0,,,,
1342,2009.0,Philadelphia,PA,8500.0,,,,
1343,2009.0,Philadelphia,PA,250000.0,,,,
1344,2009.0,Philadelphia,PA,1500.0,,,,
1345,2009.0,Philadelphia,PA,20000.0,,,,
1346,2009.0,Philadelphia,PA,425000.0,,,,
1347,2009.0,Philadelphia,PA,25000.0,,,,
1348,2009.0,Philadelphia,PA,10000.0,,,,
1349,2009.0,Philadelphia,PA,15000.0,,,,
1350,2009.0,Philadelphia,PA,45000.0,,,,
1351,2009.0,Philadelphia,PA,20000.0,,,,
1352,2009.0,Philadelphia,PA,3500.0,,,,
1353,2009.0,Philadelphia,PA,65000.0,,,,
1354,2009.0,Philadelphia,PA,25000.0,,,,
1355,2009.0,Philadelphia,PA,22500.0,,,,
1356,2009.0,Philadelphia,PA,5000.0,,,,
1357,2009.0,Philadelphia,PA,15000.0,,,,
1358,2009.0,Philadelphia,PA,27500.0,,,,
1359,2009.0,Philadelphia,PA,40000.0,,,,
1360,2009.0,Philadelphia,PA,50000.0,,,,
1361,2009.0,Philadelphia,PA,8500.0,,,,
1362,2009.0,Philadelphia,PA,12500.0,,,,
1363,2009.0,Philadelphia,PA,67500.0,,,,
1364,2009.0,Philadelphia,PA,27500.0,,,,
1365,2009.0,Philadelphia,PA,2500.0,,,,
1366,2009.0,Philadelphia,PA,30000.0,,,,
1367,2009.0,Philadelphia,PA,30000.0,,,,
1368,2009.0,Philadelphia,PA,200000.0,,,,
1369,2009.0,Philadelphia,PA,17500.0,,,,
1370,2009.0,Philadelphia,PA,7500.0,,,,
1371,2009.0,Philadelphia,PA,60000.0,,,,
1372,2009.0,Philadelphia,PA,10000.0,,,,
1373,2009.0,Philadelphia,PA,7500.0,,,,
1374,2009.0,Philadelphia,PA,46514.07,,,,
1375,2009.0,Philadelphia,PA,60000.0,,,,
1376,2009.0,Philadelphia,PA,32500.0,,,,
1377,2009.0,Philadelphia,PA,200000.0,,,,
1378,2009.0,Philadelphia,PA,150000.0,,,,
1379,2009.0,Philadelphia,PA,3500.0,,,,
1380,2009.0,Philadelphia,PA,25000.0,,,,
1381,2009.0,Philadelphia,PA,10000.0,,,,
1382,2009.0,Philadelphia,PA,60000.0,,,,
1383,2009.0,Philadelphia,PA,140000.0,,,,
1384,2009.0,Philadelphia,PA,25000.0,,,,
1385,2009.0,Philadelphia,PA,40000.0,,,,
1386,2009.0,Philadelphia,PA,7500.0,,,,
1387,2009.0,Philadelphia,PA,15000.0,,,,
1388,2009.0,Philadelphia,PA,175000.0,,,,
1389,2009.0,Philadelphia,PA,12500.0,,,,
1390,2009.0,Philadelphia,PA,575000.0,,,,
1391,2009.0,Philadelphia,PA,25000.0,,,,
1392,2009.0,Philadelphia,PA,12500.0,,,,
1393,2009.0,Philadelphia,PA,40000.0,,,,
1394,2009.0,Philadelphia,PA,7500.0,,,,
1395,2009.0,Philadelphia,PA,58500.0,,,,
1396,2009.0,Philadelphia,PA,231720.0,,,,
1397,2009.0,Philadelphia,PA,33000.0,,,,
1398,2009.0,Philadelphia,PA,58376.1,,,,
1399,2009.0,Philadelphia,PA,16500.0,,,,
1400,2009.0,Philadelphia,PA,45000.0,,,,
1401,2009.0,Philadelphia,PA,12500.0,,,,
1402,2009.0,Philadelphia,PA,36500.0,,,,
1403,2009.0,Philadelphia,PA,1000.0,,,,
1404,2009.0,Philadelphia,PA,57501.0,,,,
1405,2009.0,Philadelphia,PA,25000.0,,,,
1406,2009.0,Philadelphia,PA,96000.0,,,,
1407,2009.0,Philadelphia,PA,750000.0,,,,
1408,2009.0,Philadelphia,PA,37500.0,,,,
1409,2009.0,Philadelphia,PA,37500.0,,,,
1410,2009.0,Philadelphia,PA,2500.0,,,,
1411,2009.0,Philadelphia,PA,22500.0,,,,
1412,2009.0,Philadelphia,PA,20000.0,,,,
1413,2009.0,Philadelphia,PA,12500.0,,,,
1414,2009.0,Philadelphia,PA,150000.0,,,,
1415,2009.0,Philadelphia,PA,115000.0,,,,
1416,2009.0,Philadelphia,PA,39000.0,,,,
1417,2009.0,Philadelphia,PA,35000.0,,,,
1418,2009.0,Philadelphia,PA,8000.0,,,,
1419,2009.0,Philadelphia,PA,50000.0,,,,
1420,2009.0,Philadelphia,PA,10000.0,,,,
1421,2009.0,Philadelphia,PA,34500.0,,,,
1422,2009.0,Philadelphia,PA,4400.0,,,,
1423,2009.0,Philadelphia,PA,19500.0,,,,
